<?xml version="1.0" encoding="UTF-8"?>
<!DOCTYPE mapper PUBLIC "-//mybatis.org//DTD Mapper 3.0//EN" "http://mybatis.org/dtd/mybatis-3-mapper.dtd">

<mapper namespace="com.zero2oneit.mall.goods.mapper.GoodsProductInfoMapper">

    <update id="status">
        UPDATE goods_product_info set product_status=#{status} WHERE id=#{id}
    </update>

    <update id="audit">
        UPDATE goods_product_info SET product_status=#{productStatus},approve_time=NOW(),approve_name=#{userName},approve_result=#{approveResult}
        WHERE FIND_IN_SET(id,#{ids})
    </update>

    <select id="selectTotal" resultType="java.lang.Integer">
        SELECT count(1) FROM goods_product_info t, goods_product_info_relation g
        WHERE  t.id = g.id
        <include refid="common_where_if"/>
    </select>

    <select id="selectAll" resultType="java.util.Map">
        SELECT t.id, t.product_name productName,t.business_id businessId,t.business_name businessName,
               t.type_id typeId,t.type_name typeName,t.bar_code barCode,t.warning_value warningValue,t.brand_id brandId,
               t.brand_name brandName,t.sku_name skuName,t.product_unit productUnit,t.product_weight productWeight,
               t.product_weight_unit productWeightUnit,t.product_place productPlace,t.main_picture mainPicture,
               t.detail_picture detailPicture,t.white_picture whitePicture,t.physical_picture physicalPicture,t.video_src videoSrc,
               t.product_sort productSort,t.buy_limit buyLimit,t.produce_time produceTime,t.life_time lifeTime,t.product_status productStatus,
               t.life_time_unit lifeTimeUnit,t.store_condition storeCondition,g.product_stock productStock,
               g.sold_stock soldStock,g.supply_price supplyPrice,g.market_price marketPrice,g.product_price productPrice,
               g.sale_area_name saleAreaName,g.sale_amount saleAmount,t.approve_time,t.approve_name,t.approve_result
        FROM   goods_product_info t, goods_product_info_relation g
        WHERE  t.id = g.id
        <include refid="common_where_if"/>
    </select>

    <select id="load" resultType="java.util.Map">
        SELECT t.id, t.product_name productName,t.business_id businessId,t.business_name businessName,
               t.type_id typeId,t.type_name typeName,t.bar_code barCode,t.warning_value warningValue,t.brand_id brandId,
               t.brand_name brandName,t.sku_name skuName,t.product_unit productUnit,t.product_weight productWeight,
               t.product_weight_unit productWeightUnit,t.product_place productPlace,t.main_picture mainPicture,
               t.detail_picture detailPicture,t.white_picture whitePicture,t.physical_picture physicalPicture,t.video_src videoSrc,
               t.product_sort productSort,t.buy_limit buyLimit,t.produce_time produceTime,t.life_time lifeTime,t.product_status productStatus,
               t.life_time_unit lifeTimeUnit,t.store_condition storeCondition,g.product_stock productStock,
               g.sold_stock soldStock,g.supply_price supplyPrice,g.market_price marketPrice,g.product_price productPrice,
               g.sale_area_name saleAreaName,g.sale_amount saleAmount
        FROM   goods_product_info t, goods_product_info_relation g
        WHERE  t.id = g.id and t.id=#{id}
    </select>

    <sql id="common_where_if">
        <if test="status != null and status !=''">
            AND t.product_status = #{status}
        </if>
        <if test="flags !=null and flags == 0">
            AND g.product_stock = 0
        </if>
        <if test="flags !=null and flags == 1">
            AND g.product_stock &lt; t.warning_value
        </if>
        <if test="productName != null and productName !=''">
            AND t.product_name  like CONCAT('%', #{productName}, '%')
        </if>
        <if test="businessName != null and businessName !=''">
            AND t.business_name  like CONCAT('%', #{businessName}, '%')
        </if>
        <if test="saleArea != null and saleArea !=''">
            AND g.sale_area_name  like CONCAT('%', #{saleArea}, '%')
        </if>
    </sql>

</mapper>