<?xml version="1.0" encoding="UTF-8"?>
<!DOCTYPE mapper PUBLIC "-//mybatis.org//DTD Mapper 3.0//EN" "http://mybatis.org/dtd/mybatis-3-mapper.dtd">

<mapper namespace="com.zero2oneit.mall.goods.mapper.GroupRuleMapper">

    <update id="status">
        UPDATE group_rule set rule_status=#{status} WHERE id=#{id}
    </update>

    <select id="selectTotal" resultType="java.lang.Integer">
        select count(1) from group_rule
        <include refid="common_where_if"/>
    </select>

    <select id="selectAll" resultType="java.util.Map">
        SELECT id, rule_name ruleName, start_time startTime, end_time endTime, group_period groupPeriod,
        group_count groupCount, buy_limit buyLimit, single_buy_limit singleBuyLimit, supply_count supplyCount,
        rule_status ruleStatus, rule_order ruleOrder, operator_name operatorName, operator_time operatorTime
        FROM group_rule
        <include refid="common_where_if"/>
        LIMIT #{starIndex},#{pageSize}
    </select>

    <sql id="common_where_if">
        <where>
            <if test="ruleName != null and ruleName !=''">
                rule_name  like CONCAT('%', #{ruleName}, '%')
            </if>
        </where>
    </sql>

</mapper>